sensor,median_spearman_with_cycle,engines_with_valid_correlation,engines_trending_up_pct
s11,0.8190297869795604,100,100.0
s12,-0.8075228531983352,100,0.0
s4,0.7839581797904007,100,100.0
s7,-0.7741880440475105,100,0.0
s8,0.7684091725777291,100,100.0
s13,0.7619773367105986,100,100.0
s9,0.739202038854702,100,71.0
s15,0.7209526619331126,100,100.0
s21,-0.7080048983058238,100,0.0
s20,-0.7059429675246454,100,0.0
s2,0.671320687342637,100,100.0
s14,0.6633977768545982,100,60.0
s17,0.6608646972722962,100,100.0
s3,0.6367694069285251,100,100.0
s6,0.12638178674326356,62,98.38709677419355
op2,0.008497579462792722,100,57.0
op1,-0.0029308351237267837,100,47.0
